City_ID,City,Country,Date,Lat,Lng,Max Temp,Humidity,Cloudiness,Wind Speed
0,Klaksvik,FO,2021-03-28 13:36:23,62.2266,-6.589,41.0,81,40,18.41
1,Kaeo,NZ,2021-03-28 13:36:23,-35.1,173.7833,66.99,96,100,5.99
2,Carnarvon,AU,2021-03-28 13:36:24,-24.8667,113.6333,78.8,89,1,6.91
3,Punta Arenas,CL,2021-03-28 13:36:02,-53.15,-70.9167,46.4,57,20,13.8
4,Mar Del Plata,AR,2021-03-28 13:36:24,-38.0023,-57.5575,66.2,82,75,12.66
5,Vieux-Habitants,GP,2021-03-28 13:36:24,16.0589,-61.7659,82.4,65,75,13.8
6,Mahon,ES,2021-03-28 13:31:58,39.8885,4.2658,62.6,51,0,13.8
7,Chuy,UY,2021-03-28 13:36:24,-33.6971,-53.4616,70.86,82,59,7.67
8,New Norfolk,AU,2021-03-28 13:36:25,-42.7826,147.0587,54.0,62,41,5.01
9,Rikitea,PF,2021-03-28 13:36:25,-23.1203,-134.9692,78.06,75,8,16.08
10,Santa Rosa,PH,2021-03-28 13:36:25,14.3122,121.1114,84.2,74,20,4.61
11,Monduli,TZ,2021-03-28 13:36:25,-3.3,36.45,82.4,51,40,5.75
12,Abha,SA,2021-03-28 13:36:26,18.2164,42.5053,77.0,33,0,17.27
13,Cherskiy,RU,2021-03-28 13:36:26,68.75,161.3,-7.87,90,100,2.84
14,Namibe,AO,2021-03-28 13:36:17,-15.1961,12.1522,84.2,65,40,11.5
15,Yulara,AU,2021-03-28 13:36:26,-25.2406,130.9889,80.6,41,1,10.36
16,Bengkulu,ID,2021-03-28 13:36:26,-3.8004,102.2655,79.88,85,96,4.7
17,La Ronge,CA,2021-03-28 13:36:27,55.1001,-105.2842,21.2,93,100,13.8
18,Vanimo,PG,2021-03-28 13:36:27,-2.6741,141.3028,76.93,89,85,2.91
19,Cape Town,ZA,2021-03-28 13:36:27,-33.9258,18.4232,78.8,36,0,11.5
20,Cotonou,BJ,2021-03-28 13:36:27,6.3654,2.4183,89.6,70,40,10.36
21,Ushuaia,AR,2021-03-28 13:31:35,-54.8,-68.3,44.6,65,40,29.93
22,Bagdarin,RU,2021-03-28 13:36:28,54.4333,113.6,9.21,90,6,4.59
23,Uvinza,TZ,2021-03-28 13:36:28,-5.1036,30.3911,79.21,67,86,0.83
24,Sao Filipe,CV,2021-03-28 13:36:28,14.8961,-24.4956,70.5,73,1,12.1
25,Kaitangata,NZ,2021-03-28 13:36:29,-46.2817,169.8464,54.1,96,100,1.23
26,Xining,CN,2021-03-28 13:36:29,36.6167,101.7667,47.46,41,70,6.04
27,Khatanga,RU,2021-03-28 13:36:29,71.9667,102.5,0.21,97,98,7.29
28,Chokurdakh,RU,2021-03-28 13:36:29,70.6333,147.9167,-15.47,100,90,3.6
29,Kavieng,PG,2021-03-28 13:36:30,-2.5744,150.7967,83.43,76,85,15.9
30,Bakchar,RU,2021-03-28 13:36:30,57.0186,82.0711,29.12,98,100,1.95
31,Souillac,MU,2021-03-28 13:36:30,-20.5167,57.5167,84.2,74,40,3.44
32,Hermanus,ZA,2021-03-28 13:36:30,-34.4187,19.2345,75.0,57,100,8.01
33,Jamestown,US,2021-03-28 13:33:49,42.097,-79.2353,55.0,93,90,15.17
34,Salalah,OM,2021-03-28 13:34:12,17.0151,54.0924,87.8,48,0,6.91
35,Cayenne,GF,2021-03-28 13:36:31,4.9333,-52.3333,78.8,94,90,8.05
36,Garissa,KE,2021-03-28 13:36:31,-0.4536,39.6401,97.38,25,100,6.22
37,Husavik,IS,2021-03-28 13:36:31,66.0449,-17.3389,26.6,93,90,11.5
38,Lebu,CL,2021-03-28 13:36:31,-37.6167,-73.65,60.06,65,5,15.46
39,Bluff,NZ,2021-03-28 13:36:32,-46.6,168.3333,55.0,97,100,6.15
40,Araouane,ML,2021-03-28 13:36:32,18.9048,-3.5265,94.21,4,0,12.35
41,Hinton,CA,2021-03-28 13:36:32,53.4001,-117.5857,39.2,65,100,2.3
42,Butaritari,KI,2021-03-28 13:36:32,3.0707,172.7902,80.92,79,18,12.08
43,Busselton,AU,2021-03-28 13:36:33,-33.65,115.3333,61.0,79,0,8.46
44,Amos,CA,2021-03-28 13:36:33,48.5669,-78.1162,32.0,93,90,10.36
45,East London,ZA,2021-03-28 13:34:12,-33.0153,27.9116,66.2,68,75,8.05
46,Bandarbeyla,SO,2021-03-28 13:36:33,9.4942,50.8122,81.64,63,86,10.07
47,Nome,US,2021-03-28 13:32:23,64.5011,-165.4064,8.6,78,90,21.85
48,Whitehorse,CA,2021-03-28 13:36:34,60.7161,-135.0538,15.8,48,75,14.97
49,Puerto Palomas,MX,2021-03-28 13:36:34,31.7667,-107.6167,39.2,48,1,9.22
50,Mataura,NZ,2021-03-28 13:36:34,-46.1927,168.8643,55.0,97,100,2.91
51,Inhambane,MZ,2021-03-28 13:36:34,-23.865,35.3833,84.2,51,40,13.8
52,Tuktoyaktuk,CA,2021-03-28 13:36:35,69.4541,-133.0374,-22.0,76,20,12.66
53,Cabra,ES,2021-03-28 13:36:35,37.4725,-4.4421,75.99,39,43,3.0
54,Severo-Kurilsk,RU,2021-03-28 13:36:35,50.6789,156.125,24.89,76,58,15.43
55,Sisimiut,GL,2021-03-28 13:36:35,66.9395,-53.6735,-1.68,63,22,7.38
56,Puerto Ayora,EC,2021-03-28 13:36:36,-0.7393,-90.3518,78.01,91,10,1.99
57,Bethel,US,2021-03-28 13:36:36,41.3712,-73.414,48.99,94,100,3.0
58,Kamaishi,JP,2021-03-28 13:36:36,39.2667,141.8833,54.01,97,100,20.29
59,Itarema,BR,2021-03-28 13:36:37,-2.9248,-39.9167,82.62,73,53,4.83
60,Port Alfred,ZA,2021-03-28 13:36:37,-33.5906,26.891,66.79,65,99,17.09
61,Arlit,NE,2021-03-28 13:36:37,18.7369,7.3853,88.84,6,0,5.46
62,Avera,US,2021-03-28 13:36:37,33.194,-82.5271,72.0,100,1,9.22
63,Vostok,RU,2021-03-28 13:36:38,46.4856,135.8833,33.12,94,100,6.26
64,Darnah,LY,2021-03-28 13:36:38,32.767,22.6367,60.58,67,40,17.36
65,Qaanaaq,GL,2021-03-28 13:36:38,77.484,-69.3632,-16.19,76,34,5.06
66,Upernavik,GL,2021-03-28 13:36:38,72.7868,-56.1549,-19.21,85,93,6.26
67,Berezovka,BY,2021-03-28 13:36:39,53.7214,25.4993,47.17,59,100,8.46
68,Berlevag,NO,2021-03-28 13:36:39,70.8578,29.0864,36.37,79,7,24.29
69,Nabire,ID,2021-03-28 13:36:39,-3.3667,135.4833,75.67,94,100,1.57
70,Parry Sound,CA,2021-03-28 13:32:31,45.3501,-80.033,39.2,93,100,8.14
71,Vaini,TO,2021-03-28 13:36:39,-21.2,-175.2,77.0,100,90,8.05
72,Constitucion,CL,2021-03-28 13:36:40,-35.3333,-72.4167,66.65,42,0,3.15
73,Kandrian,PG,2021-03-28 13:36:40,-6.2167,149.55,78.24,88,100,5.95
74,Codrington,AU,2021-03-28 13:36:40,-38.2667,141.9667,55.09,94,1,7.14
75,Faanui,PF,2021-03-28 13:36:40,-16.4833,-151.75,81.82,75,60,21.34
76,Ponta Do Sol,PT,2021-03-28 13:36:41,32.6667,-17.1,68.0,68,40,12.66
77,Taoudenni,ML,2021-03-28 13:36:41,22.6783,-3.9836,95.13,4,39,13.98
78,Chadiza,ZM,2021-03-28 13:36:41,-14.0678,32.4392,71.94,87,94,7.43
79,Tiksi,RU,2021-03-28 13:36:42,71.6872,128.8694,1.92,99,100,1.23
80,Saint George,US,2021-03-28 13:36:42,37.1041,-113.5841,44.6,49,1,8.05
81,Mims,US,2021-03-28 13:36:42,28.6653,-80.8448,78.8,94,1,5.75
82,Ploemeur,FR,2021-03-28 13:36:42,47.7333,-3.4333,57.0,66,40,12.66
83,Formiga,BR,2021-03-28 13:33:15,-20.4644,-45.4264,81.43,60,3,1.12
84,Kapaa,US,2021-03-28 13:36:43,22.0752,-159.319,73.99,73,90,20.71
85,Hobart,AU,2021-03-28 13:36:43,-42.8794,147.3294,55.4,41,21,17.27
86,Kamra,PK,2021-03-28 13:36:43,33.7473,73.5111,81.0,47,89,3.0
87,Albany,US,2021-03-28 13:35:24,42.6001,-73.9662,50.0,68,100,1.99
88,Elblag,PL,2021-03-28 13:36:43,54.1522,19.4088,53.01,38,100,11.63
89,Chipiona,ES,2021-03-28 13:36:44,36.7366,-6.437,77.0,52,0,24.16
90,Richards Bay,ZA,2021-03-28 13:36:44,-28.783,32.0377,71.28,73,93,11.23
91,Baripada,IN,2021-03-28 13:36:44,21.935,86.7214,85.78,45,5,15.32
92,Port Elizabeth,ZA,2021-03-28 13:36:44,-33.918,25.5701,68.0,68,40,14.97
93,Victoria,HK,2021-03-28 13:33:32,22.2855,114.1577,78.01,81,5,1.01
94,Turukhansk,RU,2021-03-28 13:36:45,65.8167,87.9833,1.96,99,23,4.83
95,Les Cayes,HT,2021-03-28 13:36:45,18.2,-73.75,81.41,63,0,6.69
96,Hilo,US,2021-03-28 13:32:52,19.7297,-155.09,66.2,82,40,8.05
97,Poum,NC,2021-03-28 13:36:45,-20.2333,164.0167,80.51,76,14,11.68
98,Koungheul,SN,2021-03-28 13:36:46,13.9833,-14.8,105.49,5,0,8.86
99,Albert,FR,2021-03-28 13:36:46,50.0009,2.651,57.99,62,40,14.97
100,Avarua,CK,2021-03-28 13:36:46,-21.2078,-159.775,78.8,83,75,9.22
101,Inuvik,CA,2021-03-28 13:36:46,68.3499,-133.7218,-20.2,76,100,4.61
102,Mahanoro,MG,2021-03-28 13:36:47,-19.9,48.8,82.67,75,0,5.64
103,Riorges,FR,2021-03-28 13:36:47,46.0418,4.0497,61.0,41,0,4.61
104,Batagay,RU,2021-03-28 13:36:47,67.6333,134.6333,-5.87,100,86,1.3
105,Dikson,RU,2021-03-28 13:36:47,73.5069,80.5464,-19.8,100,7,7.58
106,Maniitsoq,GL,2021-03-28 13:36:48,65.4167,-52.9,1.08,51,13,3.74
107,San Policarpo,PH,2021-03-28 13:36:48,12.1791,125.5072,80.01,83,100,8.7
108,Chippewa Falls,US,2021-03-28 13:35:04,44.9369,-91.3929,32.0,69,1,12.66
109,Falun,SE,2021-03-28 13:36:48,60.6036,15.626,41.0,93,90,5.75
110,Cabedelo,BR,2021-03-28 13:36:48,-6.9811,-34.8339,77.0,100,90,7.34
111,Shebunino,RU,2021-03-28 13:36:49,46.4339,141.8603,38.43,63,100,15.64
112,Narsaq,GL,2021-03-28 13:36:49,60.9167,-46.05,20.61,53,0,1.45
113,Kalmar,SE,2021-03-28 13:36:49,56.6616,16.3616,48.2,61,0,12.66
114,San Quintin,MX,2021-03-28 13:36:49,30.4833,-115.95,59.32,38,0,2.98
115,Nuuk,GL,2021-03-28 13:36:41,64.1835,-51.7216,6.8,66,20,12.66
116,Alofi,NU,2021-03-28 13:36:50,-19.0595,-169.9187,77.0,94,15,5.75
117,Tuatapere,NZ,2021-03-28 13:36:50,-46.1333,167.6833,55.0,97,100,3.56
118,Mecca,SA,2021-03-28 13:36:50,21.4267,39.8261,87.46,35,1,13.13
119,Okha,RU,2021-03-28 13:36:50,53.5739,142.9478,18.59,98,61,7.29
120,Itoman,JP,2021-03-28 13:36:51,26.1247,127.6694,71.6,94,75,5.75
121,Lasa,IT,2021-03-28 13:36:51,46.6166,10.7002,66.2,24,0,4.61
122,Olafsvik,IS,2021-03-28 13:36:51,64.8945,-23.7142,31.5,76,100,18.1
123,Jacksonville,US,2021-03-28 13:31:57,30.3322,-81.6556,73.99,83,75,3.44
124,Ribeira Grande,PT,2021-03-28 13:36:52,38.5167,-28.7,62.6,72,40,13.8
125,Hornepayne,CA,2021-03-28 13:36:52,49.2138,-84.7705,26.42,88,100,13.47
126,Yerbogachen,RU,2021-03-28 13:36:52,61.2767,108.0108,13.77,97,87,3.0
127,Hammerfest,NO,2021-03-28 13:36:52,70.6634,23.6821,35.6,75,40,16.11
128,Comodoro Rivadavia,AR,2021-03-28 13:33:15,-45.8667,-67.5,68.0,64,0,9.78
129,Thompson,CA,2021-03-28 13:36:53,55.7435,-97.8558,-13.0,84,40,1.59
130,Abeokuta,NG,2021-03-28 13:36:53,7.15,3.35,102.76,24,7,2.3
131,Winton,US,2021-03-28 13:36:53,37.3894,-120.6133,46.99,100,1,1.25
132,Mangan,IN,2021-03-28 13:36:53,27.5167,88.5333,66.45,35,48,4.34
133,Grants Pass,US,2021-03-28 13:34:03,42.439,-123.3284,44.6,93,1,1.03
134,Bredasdorp,ZA,2021-03-28 13:36:54,-34.5322,20.0403,69.8,60,100,20.71
135,Kodiak,US,2021-03-28 13:36:54,57.79,-152.4072,33.8,34,1,9.22
136,San Cristobal,VE,2021-03-28 13:36:54,7.7669,-72.225,73.4,94,75,2.3
137,Erenhot,CN,2021-03-28 13:36:54,43.6475,111.9767,36.88,21,0,9.75
138,Mandalgovi,MN,2021-03-28 13:33:49,45.7625,106.2708,32.25,28,37,4.94
139,Gualeguay,AR,2021-03-28 13:36:55,-33.1416,-59.3097,61.36,89,100,9.06
140,Saldanha,ZA,2021-03-28 13:36:55,-33.0117,17.9442,84.2,30,100,8.05
141,Isla Mujeres,MX,2021-03-28 13:36:55,21.2311,-86.731,80.01,78,40,14.97
142,Aden,YE,2021-03-28 13:32:38,12.7794,45.0367,82.24,60,7,8.19
143,Poitiers,FR,2021-03-28 13:36:11,46.5833,0.3333,64.99,34,0,3.44
144,Sistranda,NO,2021-03-28 13:36:56,63.7256,8.834,50.0,37,0,8.68
145,Nioro,GM,2021-03-28 13:36:56,13.35,-15.75,102.31,8,1,8.5
146,Arraial Do Cabo,BR,2021-03-28 13:36:56,-22.9661,-42.0278,86.0,74,20,11.5
147,Buchanan,LR,2021-03-28 13:36:56,5.8808,-10.0467,89.6,70,75,5.75
148,Oussouye,SN,2021-03-28 13:36:57,12.485,-16.5469,93.2,31,0,4.61
149,Zhigansk,RU,2021-03-28 13:36:57,66.7697,123.3711,-1.1,99,73,4.38
150,Hastings,GB,2021-03-28 13:34:34,50.8552,0.5729,54.0,63,100,8.99
151,Voh,NC,2021-03-28 13:36:57,-20.9667,164.7,76.3,87,23,4.68
152,Antalaha,MG,2021-03-28 13:36:57,-14.9003,50.2788,82.47,72,21,6.89
153,Bien Hoa,VN,2021-03-28 13:36:58,10.95,106.8167,82.4,74,20,10.36
154,Saint-Philippe,RE,2021-03-28 13:36:58,-21.3585,55.7679,86.0,74,75,8.05
155,Beloha,MG,2021-03-28 13:36:58,-25.1667,45.05,77.72,68,75,12.97
156,Castro,BR,2021-03-28 13:36:58,-24.7911,-50.0119,78.75,54,14,6.78
157,Atuona,PF,2021-03-28 13:36:59,-9.8,-139.0333,80.92,71,100,18.48
158,Road Town,VG,2021-03-28 13:36:59,18.4167,-64.6167,78.8,83,40,12.66
159,Broome,US,2021-03-28 13:36:59,42.2506,-75.833,52.0,71,90,17.27
160,Shingu,JP,2021-03-28 13:35:14,33.7333,135.9833,62.98,95,100,7.52
161,Luderitz,NA,2021-03-28 13:37:00,-26.6481,15.1594,70.66,60,7,8.9
162,Bambous Virieux,MU,2021-03-28 13:37:00,-20.3428,57.7575,84.99,74,40,3.44
163,Georgetown,MY,2021-03-28 13:37:00,5.4112,100.3354,80.6,89,40,9.22
164,Hobyo,SO,2021-03-28 13:37:00,5.3505,48.5268,82.99,70,20,15.48
165,Airai,TL,2021-03-28 13:37:01,-8.9266,125.4092,60.66,93,100,2.71
166,Omboue,GA,2021-03-28 13:37:01,-1.5746,9.2618,84.52,69,33,10.09
167,Hambantota,LK,2021-03-28 13:37:01,6.1241,81.1185,73.4,100,75,3.44
168,Torbay,CA,2021-03-28 13:37:01,47.6666,-52.7314,27.0,86,90,11.5
169,Colares,PT,2021-03-28 13:37:02,38.7992,-9.4469,73.0,46,0,9.22
170,Kulhudhuffushi,MV,2021-03-28 13:37:02,6.6221,73.07,84.76,68,73,10.22
171,Hithadhoo,MV,2021-03-28 13:37:02,-0.6,73.0833,83.1,76,100,17.31
172,Laem Sing,TH,2021-03-28 13:37:02,12.4816,102.0738,86.0,78,46,6.67
173,Statesville,US,2021-03-28 13:37:03,35.7826,-80.8873,64.0,100,90,10.36
174,Suba,PH,2021-03-28 13:37:03,10.8438,121.0102,82.9,80,59,17.07
175,College,US,2021-03-28 13:37:03,64.8569,-147.8028,6.8,66,40,5.75
176,Tondano,ID,2021-03-28 13:37:03,1.3038,124.9112,77.0,94,20,2.3
177,Pamplona,ES,2021-03-28 13:37:04,42.8169,-1.6432,70.0,40,20,3.44
178,Pevek,RU,2021-03-28 13:37:04,69.7008,170.3133,-17.61,96,22,2.26
179,Lodwar,KE,2021-03-28 13:37:04,3.1191,35.5973,98.01,18,88,10.31
180,Bima,ID,2021-03-28 13:37:04,-8.4667,118.7167,77.63,91,100,2.64
181,Meulaboh,ID,2021-03-28 13:37:05,4.1363,96.1285,78.44,84,84,2.89
182,Kerman,IR,2021-03-28 13:32:19,30.2832,57.0788,82.4,12,0,19.57
183,Hasaki,JP,2021-03-28 13:37:05,35.7333,140.8333,61.0,94,75,11.5
184,Maku,IR,2021-03-28 13:37:05,39.2911,44.4521,42.75,48,4,3.11
185,Leningradskiy,RU,2021-03-28 13:37:05,69.3833,178.4167,-16.02,94,20,5.03
186,Aklavik,CA,2021-03-28 13:37:06,68.2191,-135.0107,-20.2,76,99,4.61
187,Tomatlan,MX,2021-03-28 13:37:06,19.9333,-105.25,67.68,39,99,1.66
188,Mount Gambier,AU,2021-03-28 13:37:06,-37.8333,140.7667,51.8,93,0,6.91
189,Moranbah,AU,2021-03-28 13:37:06,-22.0016,148.0466,72.39,69,0,10.92
190,Zavallya,UA,2021-03-28 13:37:07,48.2135,30.0156,58.46,39,10,7.99
191,Baker City,US,2021-03-28 13:37:07,44.7749,-117.8344,30.2,80,1,4.47
192,Longyearbyen,SJ,2021-03-28 13:37:07,78.2186,15.6401,33.8,69,40,18.41
193,Mehamn,NO,2021-03-28 13:37:07,71.0357,27.8492,37.4,65,40,27.63
194,Verkhoyansk,RU,2021-03-28 13:37:08,67.5447,133.385,-7.83,100,72,1.01
195,Pesqueira,BR,2021-03-28 13:37:08,-8.3578,-36.6964,82.74,53,73,5.1
196,Svetlogorsk,BY,2021-03-28 13:37:08,52.6333,29.7333,45.68,86,100,3.78
197,San Patricio,US,2021-03-28 13:37:09,28.017,-97.5169,64.4,77,75,16.11
198,Esperance,AU,2021-03-28 13:37:09,-33.8667,121.9,64.4,82,0,1.14
199,Mahebourg,MU,2021-03-28 13:37:09,-20.4081,57.7,84.2,74,40,3.44
200,Arawa,PG,2021-03-28 13:37:09,-6.2132,155.5367,76.01,92,43,3.11
201,Matara,LK,2021-03-28 13:37:10,5.9485,80.5353,75.56,88,99,6.87
202,Candolim,IN,2021-03-28 13:37:10,15.5181,73.7626,86.0,79,40,8.05
203,Hovd,MN,2021-03-28 13:36:03,48.0056,91.6419,35.73,34,76,1.52
204,Lere,NG,2021-03-28 13:37:10,10.387,8.5726,94.14,10,0,9.84
205,North Bend,US,2021-03-28 13:37:10,43.4065,-124.2243,46.4,87,90,3.44
206,Saskylakh,RU,2021-03-28 13:37:11,71.9167,114.0833,-5.1,100,96,1.81
207,Fortuna,US,2021-03-28 13:37:11,40.5982,-124.1573,43.0,100,90,2.89
208,Saint Anthony,US,2021-03-28 13:37:11,45.0205,-93.218,33.8,74,75,10.36
209,Alyangula,AU,2021-03-28 13:37:11,-13.8483,136.4192,83.28,75,100,12.77
210,Sechura,PE,2021-03-28 13:37:12,-5.5569,-80.8222,75.31,63,96,8.48
211,Kargasok,RU,2021-03-28 13:37:12,59.0556,80.8572,28.69,96,100,9.04
212,Santa Maria,BR,2021-03-28 13:37:05,-29.6842,-53.8069,73.4,88,75,9.22
213,Moose Factory,CA,2021-03-28 13:37:12,51.2585,-80.6094,24.8,74,90,5.75
214,Bozoum,CF,2021-03-28 13:37:13,6.3193,16.3799,91.26,35,100,6.06
215,Ojinaga,MX,2021-03-28 13:37:13,29.5667,-104.4167,57.2,41,1,8.05
216,Tasiilaq,GL,2021-03-28 13:37:13,65.6145,-37.6368,17.6,62,20,3.44
217,Rio Gallegos,AR,2021-03-28 13:37:13,-51.6226,-69.2181,50.0,46,0,23.02
218,Sola,VU,2021-03-28 13:37:14,-13.8833,167.55,82.45,76,16,17.72
219,Eureka,US,2021-03-28 13:32:45,40.8021,-124.1637,43.0,100,90,4.61
220,Saint-Georges,GD,2021-03-28 13:37:14,12.0564,-61.7485,80.6,83,40,20.71
221,Portland,US,2021-03-28 13:34:02,45.5234,-122.6762,45.0,81,90,8.05
222,Sitka,US,2021-03-28 13:37:14,57.0531,-135.33,35.6,75,40,9.22
223,Ahipara,NZ,2021-03-28 13:37:14,-35.1667,173.1667,66.52,93,99,9.31
224,Novobessergenevka,RU,2021-03-28 13:37:15,47.1847,38.8462,50.0,53,44,13.0
225,Marquette,US,2021-03-28 13:37:15,46.5333,-87.6335,32.0,94,100,8.99
226,Sao Geraldo Do Araguaia,BR,2021-03-28 13:37:15,-6.4006,-48.555,83.75,72,100,2.48
227,Laguna,US,2021-03-28 13:37:15,38.421,-121.4238,48.0,76,1,0.89
228,Cardston,CA,2021-03-28 13:37:16,49.2,-113.3019,48.2,43,100,13.8
229,Panuco,MX,2021-03-28 13:37:16,22.05,-98.1667,73.4,100,90,3.44
230,Mogadishu,SO,2021-03-28 13:37:11,2.0371,45.3438,86.0,66,20,12.66
231,Port Hardy,CA,2021-03-28 13:37:16,50.6996,-127.4199,41.0,87,90,10.36
232,Oksfjord,NO,2021-03-28 13:37:17,70.2396,22.3479,41.0,65,40,12.66
233,Vicksburg,US,2021-03-28 13:34:28,32.3526,-90.8779,64.4,68,90,16.11
234,Bathsheba,BB,2021-03-28 13:37:17,13.2167,-59.5167,82.4,61,40,21.85
235,Novobeysugskaya,RU,2021-03-28 13:37:17,45.472,39.8861,46.0,70,99,14.18
236,Mana,GF,2021-03-28 13:37:17,5.6592,-53.7767,80.15,83,93,13.58
237,Telde,ES,2021-03-28 13:37:18,27.9924,-15.4192,71.6,64,40,16.11
238,Coquimbo,CL,2021-03-28 13:37:18,-29.9533,-71.3436,59.0,82,90,5.75
239,Nanortalik,GL,2021-03-28 13:37:18,60.1432,-45.2371,26.56,62,6,2.86
240,Yeppoon,AU,2021-03-28 13:37:18,-23.1333,150.7333,73.4,78,4,1.14
241,Kattivakkam,IN,2021-03-28 13:37:19,13.2167,80.3167,84.2,74,20,6.91
242,Lagoa,PT,2021-03-28 13:37:19,39.05,-27.9833,59.4,82,100,16.87
243,Paungde,MM,2021-03-28 13:37:19,18.4833,95.5,88.68,28,99,6.6
244,Samarai,PG,2021-03-28 13:37:20,-10.6167,150.6667,82.09,80,65,12.68
245,Smithers,CA,2021-03-28 13:34:16,54.7804,-127.1743,32.0,69,90,13.8
246,Partenit,UA,2021-03-28 13:37:20,44.578,34.3446,53.01,40,53,7.0
247,Port Lincoln,AU,2021-03-28 13:37:20,-34.7333,135.8667,60.85,77,7,8.08
248,Teahupoo,PF,2021-03-28 13:37:20,-17.8333,-149.2667,77.0,78,20,2.3
249,Yaan,NG,2021-03-28 13:37:21,7.3833,8.5667,102.31,9,10,9.53
250,Dagda,LV,2021-03-28 13:37:21,56.0951,27.5372,44.92,63,100,5.21
251,Padang,ID,2021-03-28 13:37:21,-0.9492,100.3543,77.0,94,75,3.44
252,Ostrovnoy,RU,2021-03-28 13:37:22,68.0531,39.5131,35.62,96,100,21.63
253,Barrow,US,2021-03-28 13:37:22,71.2906,-156.7887,-29.2,75,20,8.05
254,Chifeng,CN,2021-03-28 13:37:22,42.2683,118.9636,42.75,23,0,17.65
255,Cachoeira Do Sul,BR,2021-03-28 13:37:22,-30.0392,-52.8939,74.5,75,72,6.2
256,Kloulklubed,PW,2021-03-28 13:37:23,7.0419,134.2556,78.8,94,90,5.75
257,Along,IN,2021-03-28 13:37:23,28.1667,94.7667,69.15,26,0,1.86
258,Marseille,FR,2021-03-28 13:37:23,43.3333,5.5,64.4,52,0,11.5
259,Broken Hill,AU,2021-03-28 13:37:23,-31.95,141.4333,64.4,45,0,8.05
260,Grindavik,IS,2021-03-28 13:37:24,63.8424,-22.4338,32.0,86,40,6.91
261,Rio Branco,BR,2021-03-28 13:37:24,-9.9747,-67.81,77.0,94,75,4.61
262,Borogontsy,RU,2021-03-28 13:37:24,62.6683,131.1683,1.6,99,70,2.48
263,Labuhan,ID,2021-03-28 13:37:24,-6.8844,112.2051,80.24,83,89,4.63
264,Burhaniye,TR,2021-03-28 13:37:13,39.5004,26.9727,60.8,41,0,11.5
265,Iqaluit,CA,2021-03-28 13:37:25,63.7506,-68.5145,6.8,61,75,13.8
266,Batemans Bay,AU,2021-03-28 13:37:25,-35.7167,150.1833,60.01,90,80,1.01
267,Paamiut,GL,2021-03-28 13:37:25,61.994,-49.6678,14.11,64,0,24.47
268,Yenagoa,NG,2021-03-28 13:37:25,4.9247,6.2642,94.57,41,93,5.35
269,Ilulissat,GL,2021-03-28 13:37:26,69.2167,-51.1,-9.4,49,4,5.75
270,North Myrtle Beach,US,2021-03-28 13:37:26,33.816,-78.68,70.0,94,90,18.41
271,Plettenberg Bay,ZA,2021-03-28 13:37:26,-34.0527,23.3716,66.0,76,98,20.45
272,Egvekinot,RU,2021-03-28 13:37:27,66.3167,-179.1667,4.03,79,100,10.4
273,Yar-Sale,RU,2021-03-28 13:37:27,66.8333,70.8333,-5.66,97,10,9.53
274,Nhulunbuy,AU,2021-03-28 13:37:27,-12.2333,136.7667,80.6,94,40,8.05
275,Kifri,IQ,2021-03-28 13:37:27,34.6959,44.9661,64.99,21,0,15.99
276,Santiago De Chuco,PE,2021-03-28 13:37:28,-8.15,-78.1833,56.98,64,79,5.32
277,Cabo San Lucas,MX,2021-03-28 13:37:28,22.8909,-109.9124,59.0,63,20,1.07
278,Grand Gaube,MU,2021-03-28 13:37:28,-20.0064,57.6608,84.99,66,20,4.0
279,Yatou,CN,2021-03-28 13:37:28,37.15,122.3833,47.82,43,3,8.3
280,Alugan,PH,2021-03-28 13:37:29,12.2188,125.4808,79.52,84,100,8.12
281,Irkutsk,RU,2021-03-28 13:37:29,52.2978,104.2964,33.8,55,0,6.71
282,Marawi,PH,2021-03-28 13:37:29,7.9986,124.2928,80.01,85,100,5.01
283,Deputatskiy,RU,2021-03-28 13:37:29,69.3,139.9,-4.58,99,95,4.74
284,Tirumullaivasal,IN,2021-03-28 13:37:30,11.2333,79.8333,82.15,82,3,13.85
285,Pisco,PE,2021-03-28 13:37:30,-13.7,-76.2167,71.6,78,30,3.44
286,Quatre Cocos,MU,2021-03-28 13:37:30,-20.2078,57.7625,84.99,74,40,3.44
287,Gizo,SB,2021-03-28 13:37:30,-8.103,156.8419,82.63,75,97,7.81
288,Palaikastron,GR,2021-03-28 13:37:31,35.2,26.25,63.0,42,0,10.6
289,Mulanje,MW,2021-03-28 13:37:31,-16.0316,35.5,76.39,84,23,6.46
290,Krutikha,RU,2021-03-28 13:37:31,53.9599,81.2093,32.09,97,100,6.11
291,Vila Velha,BR,2021-03-28 13:37:05,-20.3297,-40.2925,86.0,66,0,6.91
292,Hokitika,NZ,2021-03-28 13:37:31,-42.7167,170.9667,60.12,94,96,2.64
293,Amahai,ID,2021-03-28 13:37:32,-3.3333,128.9167,76.19,91,100,2.95
294,Urumqi,CN,2021-03-28 13:37:32,43.801,87.6005,53.6,66,100,8.95
295,Black River,JM,2021-03-28 13:37:32,18.0264,-77.8487,80.6,69,40,11.5
296,Shubarkuduk,KZ,2021-03-28 13:37:32,49.1447,56.4872,28.06,93,100,3.51
297,Nemuro,JP,2021-03-28 13:37:33,43.3236,145.575,40.46,95,100,27.04
298,Mayo,US,2021-03-28 13:37:33,38.8876,-76.5119,57.99,100,90,12.66
299,Beringovskiy,RU,2021-03-28 13:37:33,63.05,179.3167,11.07,94,100,17.05
300,Provideniya,RU,2021-03-28 13:37:33,64.3833,-173.3,1.69,97,100,22.59
301,Chapais,CA,2021-03-28 13:37:34,49.7834,-74.8492,32.0,86,90,11.5
302,Kurumkan,RU,2021-03-28 13:37:34,54.3,110.3,14.02,84,30,4.85
303,Hamilton,US,2021-03-28 13:37:34,39.1834,-84.5333,52.0,87,90,11.5
304,Te Anau,NZ,2021-03-28 13:37:34,-45.4167,167.7167,56.61,94,99,3.38
305,Saint-Pierre,RE,2021-03-28 13:37:35,-21.3393,55.4781,84.2,74,75,8.05
306,Caravelas,BR,2021-03-28 13:37:35,-17.7125,-39.2481,88.23,49,0,8.46
307,Nikolskoye,RU,2021-03-28 13:37:35,59.7035,30.7861,57.2,38,20,15.66
308,Longyan,CN,2021-03-28 13:37:35,25.1072,117.0225,78.01,59,4,1.79
309,Tsaratanana,MG,2021-03-28 13:37:36,-16.7833,47.65,79.86,81,49,4.7
310,Morant Bay,JM,2021-03-28 13:37:36,17.8815,-76.4093,81.0,65,20,9.22
311,Solnechnyy,RU,2021-03-28 13:37:36,50.7214,136.6319,29.75,94,100,4.0
312,Chino Valley,US,2021-03-28 13:37:36,34.7575,-112.4538,33.01,74,1,4.61
313,Waipawa,NZ,2021-03-28 13:37:37,-41.4122,175.5153,62.6,94,90,19.57
314,Jinka,ET,2021-03-28 13:37:37,5.65,36.65,80.85,27,100,4.63
315,Sibundoy,CO,2021-03-28 13:37:37,1.2048,-76.9237,56.37,98,100,2.24
316,Komsomolskiy,UZ,2021-03-28 13:37:37,40.4272,71.7189,53.6,82,75,4.61
317,Bonavista,CA,2021-03-28 13:37:38,48.6499,-53.1147,26.6,68,100,5.75
318,Aranjuez,ES,2021-03-28 13:37:38,40.0311,-3.6025,70.0,34,0,6.91
319,Kjollefjord,NO,2021-03-28 13:37:38,70.9457,27.3465,37.4,65,40,27.63
320,Norman Wells,CA,2021-03-28 13:37:38,65.282,-126.8329,-0.4,71,75,17.27
321,Tarija,BO,2021-03-28 13:35:06,-21.5355,-64.7296,56.68,87,100,1.68
322,Denpasar,ID,2021-03-28 13:37:39,-8.65,115.2167,82.4,83,40,1.14
323,Varhaug,NO,2021-03-28 13:37:39,58.6147,5.6457,46.0,97,100,1.01
324,Cairns,AU,2021-03-28 13:37:39,-16.9167,145.7667,77.0,78,97,12.66
325,Gympie,AU,2021-03-28 13:37:39,-26.1898,152.665,66.0,90,100,2.21
326,San Luis,AR,2021-03-28 13:37:40,-33.295,-66.3356,64.27,38,4,1.3
327,Kushima,JP,2021-03-28 13:37:40,31.4583,131.2333,60.8,82,20,18.41
328,Guerrero Negro,MX,2021-03-28 13:37:40,27.9769,-114.0611,58.53,46,0,4.09
329,Ondo,NG,2021-03-28 13:37:40,7.1,4.8333,101.37,21,41,2.15
330,Atasu,KZ,2021-03-28 13:37:41,48.6814,71.6433,28.44,92,94,6.98
331,Merin,CZ,2021-03-28 13:37:41,49.3932,15.8838,51.01,76,100,35.99
332,Helong,CN,2021-03-28 13:36:03,42.5397,128.9972,42.04,94,100,6.44
333,Tigzirt,DZ,2021-03-28 13:37:41,36.8886,4.1198,67.75,61,44,10.38
334,Rafaela,AR,2021-03-28 13:37:41,-31.2503,-61.4867,66.99,65,100,8.01
335,Vila Do Maio,CV,2021-03-28 13:37:42,15.1333,-23.2167,75.2,57,20,31.07
336,Asheboro,US,2021-03-28 13:36:59,35.7079,-79.8136,68.0,94,1,14.97
337,Zyryanka,RU,2021-03-28 13:37:42,65.75,150.85,-12.59,100,97,0.47
338,Port-Gentil,GA,2021-03-28 13:37:42,-0.7193,8.7815,78.8,100,75,8.05
339,Young,UY,2021-03-28 13:37:43,-32.6833,-57.6333,64.99,87,100,3.0
340,Tarrafal,CV,2021-03-28 13:37:43,15.2833,-23.7667,75.2,57,20,31.07
341,Kota Kinabalu,MY,2021-03-28 13:36:14,5.9749,116.0724,80.6,94,40,4.61
342,Medicine Hat,CA,2021-03-28 13:34:01,50.0501,-110.6683,45.0,61,1,11.5
343,Dera Bugti,PK,2021-03-28 13:37:43,29.0307,69.151,92.1,13,0,6.04
344,Cururupu,BR,2021-03-28 13:37:43,-1.8283,-44.8683,83.17,73,100,5.32
345,Rong Kwang,TH,2021-03-28 13:37:44,18.339,100.3174,87.01,42,41,3.0
346,The Valley,AI,2021-03-28 13:37:44,18.217,-63.0578,81.0,78,75,17.27
347,San Andres,CO,2021-03-28 13:37:44,12.5847,-81.7006,82.4,69,20,11.5
348,Kasaragod,IN,2021-03-28 13:33:08,12.5,75.0,86.0,79,75,9.22
349,Dingle,PH,2021-03-28 13:37:45,10.9995,122.6711,77.4,85,100,5.82
350,Yinchuan,CN,2021-03-28 13:37:45,38.4681,106.2731,50.0,10,100,8.1
351,Jurm,AF,2021-03-28 13:37:45,36.8648,70.8342,48.24,98,100,4.59
352,Bismarck,US,2021-03-28 13:33:43,46.8083,-100.7837,21.2,93,1,5.75
353,Xuanhua,CN,2021-03-28 13:37:45,40.6103,115.0447,43.29,18,30,16.42
354,Dubbo,AU,2021-03-28 13:37:46,-32.25,148.6167,55.4,76,51,9.22
355,Mariinskiy Posad,RU,2021-03-28 13:37:46,56.115,47.718,37.4,48,0,8.95
356,Pitogo,PH,2021-03-28 13:37:46,13.7847,122.0881,77.41,89,100,6.8
357,Saquena,PE,2021-03-28 13:37:46,-4.6667,-73.5167,78.44,92,100,0.78
358,Vila Franca Do Campo,PT,2021-03-28 13:37:47,37.7167,-25.4333,62.6,72,20,8.05
359,Taksimo,RU,2021-03-28 13:37:47,56.3444,114.8794,11.57,79,14,3.44
360,Victor Harbor,AU,2021-03-28 13:37:47,-35.5667,138.6167,59.0,92,96,4.47
361,Anadyr,RU,2021-03-28 13:37:47,64.75,177.4833,12.2,92,75,22.37
362,Manali,IN,2021-03-28 13:37:48,13.1667,80.2667,84.2,74,20,6.91
363,Nara,JP,2021-03-28 13:37:48,34.6851,135.8049,60.01,98,100,7.65
364,Pleasanton,US,2021-03-28 13:37:48,37.6624,-121.8747,48.99,65,1,1.81
365,Saint-Augustin,CA,2021-03-28 13:37:48,51.226,-58.6502,16.39,56,48,3.56
366,Yellowknife,CA,2021-03-28 13:37:49,62.456,-114.3525,10.4,67,75,12.66
367,Vardo,NO,2021-03-28 13:37:49,70.3705,31.1107,37.13,73,29,16.15
368,Giovinazzo,IT,2021-03-28 13:37:49,41.1864,16.6674,61.0,67,0,6.91
369,Santa Cruz,BO,2021-03-28 13:37:50,-17.8,-63.1667,69.8,73,75,16.11
370,Rundu,NA,2021-03-28 13:37:50,-17.9333,19.7667,79.36,52,89,10.54
371,Gushikawa,JP,2021-03-28 13:37:50,26.3544,127.8686,71.6,94,75,3.44
372,Katsuura,JP,2021-03-28 13:37:50,35.1333,140.3,62.6,94,75,9.22
373,Cidreira,BR,2021-03-28 13:37:51,-30.1811,-50.2056,72.73,86,93,6.8
374,Dongsheng,CN,2021-03-28 13:37:51,39.8161,109.9776,40.05,23,100,4.81
375,Porbandar,IN,2021-03-28 13:37:51,21.6422,69.6093,81.95,63,88,15.48
376,Nelson Bay,AU,2021-03-28 13:37:51,-32.7167,152.15,69.8,78,90,6.91
377,Teguldet,RU,2021-03-28 13:37:52,57.3064,88.1667,31.39,98,100,6.33
378,Presidencia Roque Saenz Pena,AR,2021-03-28 13:37:52,-26.7852,-60.4388,66.0,81,12,1.99
379,Aasiaat,GL,2021-03-28 13:37:52,68.7098,-52.8699,-22.49,78,18,10.8
380,Bereda,ES,2021-03-28 13:37:52,43.2686,-7.5406,72.0,34,0,2.37
381,Sibut,CF,2021-03-28 13:37:53,5.718,19.0739,94.95,30,84,0.87
382,Teofilo Otoni,BR,2021-03-28 13:37:53,-17.8575,-41.5053,85.98,54,0,1.66
383,Raymondville,US,2021-03-28 13:37:53,26.4815,-97.7831,75.2,100,90,10.36
384,Hualmay,PE,2021-03-28 13:37:53,-11.0964,-77.6139,72.57,74,75,7.18
385,Luanda,AO,2021-03-28 13:37:54,-8.8368,13.2343,87.8,66,40,8.05
386,Dubinino,RU,2021-03-28 13:37:54,55.6192,89.0911,28.62,85,99,6.38
387,Atar,MR,2021-03-28 13:37:54,20.5169,-13.0499,95.56,10,7,4.81
388,Hirara,JP,2021-03-28 13:37:55,24.8,125.2833,74.46,87,4,3.18
389,Rognan,NO,2021-03-28 13:37:55,67.0953,15.3878,42.8,49,0,12.66
390,Sao Joao Da Barra,BR,2021-03-28 13:37:55,-21.6403,-41.0511,86.0,66,0,2.3
391,Bilma,NE,2021-03-28 13:37:55,18.6853,12.9164,84.74,9,0,3.67
392,Tricase,IT,2021-03-28 13:37:56,39.9304,18.3553,64.4,77,20,4.61
393,Celestun,MX,2021-03-28 13:37:56,20.8667,-90.4,77.56,76,13,17.05
394,Ardakan,IR,2021-03-28 13:37:56,32.31,54.0175,73.4,10,0,11.5
395,Serenje,ZM,2021-03-28 13:37:56,-13.2325,30.2352,71.78,79,42,6.82
396,Seabra,BR,2021-03-28 13:37:57,-12.4186,-41.7703,77.0,69,75,3.44
397,Oranjemund,NA,2021-03-28 13:37:57,-28.55,16.4333,69.4,61,2,14.97
398,Champerico,GT,2021-03-28 13:37:57,14.3,-91.9167,71.6,88,0,9.24
399,Gewane,ET,2021-03-28 13:37:57,10.1664,40.6453,93.92,9,63,7.96
400,San Pedro,PH,2021-03-28 13:37:58,14.35,121.0167,84.2,74,20,4.61
401,Kruisfontein,ZA,2021-03-28 13:37:58,-34.0033,24.7314,70.0,63,99,8.99
402,Chambas,CU,2021-03-28 13:37:58,22.1928,-78.9136,78.8,73,20,12.66
403,Zhanaozen,KZ,2021-03-28 13:37:58,43.3,52.8,45.88,59,100,17.87
404,Stryn,NO,2021-03-28 13:37:59,61.9045,6.7226,48.2,61,75,14.97
405,Pasighat,IN,2021-03-28 13:37:20,28.0667,95.3333,75.79,22,0,5.99
406,Farafangana,MG,2021-03-28 13:37:59,-22.8167,47.8333,81.0,77,20,9.33
407,Opunake,NZ,2021-03-28 13:37:59,-39.4556,173.8583,60.01,97,100,1.01
408,Nishihara,JP,2021-03-28 13:37:59,26.1842,127.7558,71.6,94,75,4.61
409,Wajir,KE,2021-03-28 13:38:00,1.7471,40.0573,96.8,38,75,5.75
410,Tessalit,ML,2021-03-28 13:38:00,20.1986,1.0114,88.68,5,0,14.18
411,Miri,MY,2021-03-28 13:35:39,4.4148,114.0089,82.0,89,40,3.44
412,Suzhou,CN,2021-03-28 13:38:00,31.3114,120.6181,62.01,74,0,4.18
413,Jakar,BT,2021-03-28 13:38:01,27.5492,90.7525,44.06,56,20,1.01
414,Kokkola,FI,2021-03-28 13:38:01,63.8385,23.1307,50.0,53,0,11.5
415,Nago,JP,2021-03-28 13:38:01,26.5881,127.9761,71.6,94,75,3.44
416,Izumo,JP,2021-03-28 13:38:01,35.3667,132.7667,57.2,82,20,9.22
417,Nizhniy Tsasuchey,RU,2021-03-28 13:38:02,50.5167,115.1333,28.27,63,3,16.53
418,Zastron,ZA,2021-03-28 13:38:02,-30.3023,27.084,71.2,26,4,7.02
419,Chala,TZ,2021-03-28 13:38:02,-7.5833,31.2667,73.4,49,20,8.05
420,Lorengau,PG,2021-03-28 13:38:02,-2.0226,147.2712,82.29,77,86,9.55
421,Rajec,SK,2021-03-28 13:33:28,49.089,18.6401,50.0,37,20,13.8
422,Baykit,RU,2021-03-28 13:38:03,61.67,96.37,18.21,98,90,1.34
423,Pandamatenga,BW,2021-03-28 13:38:03,-18.5278,25.627,86.0,30,0,11.5
424,Tual,ID,2021-03-28 13:38:03,-5.6667,132.75,83.3,77,100,17.83
425,Mezen,RU,2021-03-28 13:38:04,65.8522,44.24,35.49,95,100,10.2
426,San Juan,AR,2021-03-28 13:36:56,-31.5375,-68.5364,68.67,29,0,2.82
427,Aberdeen,GB,2021-03-28 13:38:04,57.1437,-2.0981,55.0,54,40,16.11
428,Uray,RU,2021-03-28 13:37:21,60.1247,64.7758,29.14,81,61,10.47
429,Hami,CN,2021-03-28 13:37:08,42.8,93.45,62.4,25,1,5.37
430,Sabha,LY,2021-03-28 13:38:04,27.0377,14.4283,73.81,12,55,12.48
431,Abalak,RU,2021-03-28 13:38:04,58.1286,68.5944,19.0,88,48,5.95
432,Acheng,CN,2021-03-28 13:38:05,45.5454,126.977,48.0,93,90,6.71
433,Sibolga,ID,2021-03-28 13:38:05,1.7427,98.7792,79.38,84,70,3.02
434,Atambua,ID,2021-03-28 13:38:05,-9.1061,124.8925,73.69,88,100,4.52
435,Muros,ES,2021-03-28 13:38:05,42.7762,-9.0603,73.99,30,0,6.96
436,Sioux Lookout,CA,2021-03-28 13:38:06,50.1001,-91.917,17.6,79,75,4.61
437,Kitimat,CA,2021-03-28 13:38:06,54.0524,-128.6534,32.0,93,75,6.91
438,Bom Jesus Da Lapa,BR,2021-03-28 13:38:06,-13.255,-43.4181,93.67,22,7,1.16
439,Coolum Beach,AU,2021-03-28 13:38:07,-26.5333,153.1,69.01,90,100,1.23
440,Maragogi,BR,2021-03-28 13:36:23,-9.0122,-35.2225,82.24,70,54,6.11
441,Flin Flon,CA,2021-03-28 13:38:07,54.7682,-101.865,19.4,58,90,8.05
442,Salinas,US,2021-03-28 13:34:35,36.6777,-121.6555,48.2,71,1,4.07
443,Kupang,ID,2021-03-28 13:38:07,-10.1667,123.5833,77.0,100,75,1.14
444,Camacha,PT,2021-03-28 13:38:08,33.0833,-16.3333,66.2,72,40,11.5
445,Colimes,EC,2021-03-28 13:38:08,-1.55,-80.0167,79.0,78,75,4.61
446,Krasnogorskoye,RU,2021-03-28 13:38:08,52.2953,86.1979,33.37,99,100,2.15
447,Ikungi,TZ,2021-03-28 13:33:21,-5.1333,34.7667,74.07,64,69,3.51
448,Bara,NG,2021-03-28 13:38:09,10.3744,10.7288,91.4,10,0,17.27
449,Lac Du Bonnet,CA,2021-03-28 13:38:09,50.2536,-96.0612,23.0,99,18,1.01
450,Kenai,US,2021-03-28 13:38:09,60.5544,-151.2583,6.8,78,1,3.51
451,Krasnoselkup,RU,2021-03-28 13:38:09,65.7,82.4667,8.11,96,96,9.15
452,Massakory,TD,2021-03-28 13:38:10,12.996,15.7293,95.5,10,6,18.21
453,Coihaique,CL,2021-03-28 13:38:10,-45.5752,-72.0662,55.4,82,75,6.91
454,Goderich,CA,2021-03-28 13:38:10,43.7501,-81.7165,48.2,87,100,11.5
455,Iralaya,HN,2021-03-28 13:38:10,15.0,-83.2333,77.0,88,75,6.91
456,Pervomaysk,UA,2021-03-28 13:38:11,48.0443,30.8507,58.46,39,60,9.48
457,Odweyne,SO,2021-03-28 13:38:11,9.4092,45.064,87.37,14,12,10.07
458,Aripuana,BR,2021-03-28 13:38:11,-9.1667,-60.6333,81.72,80,13,2.1
459,Bati,ET,2021-03-28 13:38:11,11.1833,40.0167,78.15,18,97,11.01
460,Zemio,CF,2021-03-28 13:38:12,5.0314,25.1361,93.79,28,92,3.47
461,Iwanai,JP,2021-03-28 13:38:12,42.9744,140.5089,43.23,97,100,9.53
462,Palmer,US,2021-03-28 13:38:12,42.1584,-72.3287,48.99,87,90,8.05
463,Pemba,MZ,2021-03-28 13:38:12,-12.974,40.5178,87.8,66,75,11.5
464,Walvis Bay,NA,2021-03-28 13:38:13,-22.9575,14.5053,69.8,64,0,9.22
465,Oistins,BB,2021-03-28 13:38:13,13.0667,-59.5333,82.4,61,40,21.85
466,Kavaratti,IN,2021-03-28 13:38:13,10.5669,72.642,84.51,71,100,5.53
467,Sao Joao Do Piaui,BR,2021-03-28 13:38:13,-8.3581,-42.2467,91.36,39,100,5.55
468,Rutland,US,2021-03-28 13:38:14,43.6167,-73.0162,43.0,81,90,14.97
469,Chicama,PE,2021-03-28 13:38:14,-7.8447,-79.1469,68.0,94,40,9.22
470,Bhandara,IN,2021-03-28 13:38:14,21.1667,79.65,89.6,17,0,2.3
471,Otradnoye,RU,2021-03-28 13:38:15,59.7775,30.8181,57.2,38,20,15.66
472,Namatanai,PG,2021-03-28 13:38:15,-3.6667,152.4333,79.59,78,100,8.7
473,Jieshi,CN,2021-03-28 13:38:15,22.8134,115.8257,77.0,88,2,1.99
474,Srednekolymsk,RU,2021-03-28 13:38:15,67.45,153.6833,-16.44,100,80,2.13
475,Lakhipur,IN,2021-03-28 13:38:16,26.0299,90.3041,80.01,19,0,3.71
476,Lydenburg,ZA,2021-03-28 13:38:16,-25.0978,30.4597,75.99,90,76,1.01
477,Manchester,GB,2021-03-28 13:34:21,53.4809,-2.2374,59.0,77,75,14.97
478,Manama,BH,2021-03-28 13:36:31,26.2154,50.5832,72.0,49,0,28.77
479,Reconquista,AR,2021-03-28 13:38:16,-29.15,-59.65,66.56,64,0,9.75
480,Kahului,US,2021-03-28 13:38:16,20.8947,-156.47,69.8,83,1,10.36
481,Adrar,MR,2021-03-28 13:38:17,20.5022,-10.0711,97.43,4,39,13.62
482,Los Llanos De Aridane,ES,2021-03-28 13:38:17,28.6585,-17.9182,69.8,68,20,16.11
483,Arbagar,RU,2021-03-28 13:38:17,51.9438,116.2805,24.51,79,77,8.5
484,Leh,IN,2021-03-28 13:38:17,34.1667,77.5833,43.81,42,99,7.18
485,Sao Felix Do Xingu,BR,2021-03-28 13:38:18,-6.6447,-51.995,78.89,81,100,0.34
486,Praia Da Vitoria,PT,2021-03-28 13:38:18,38.7333,-27.0667,64.4,72,40,13.85
487,Koumac,NC,2021-03-28 13:38:18,-20.5667,164.2833,78.4,82,26,1.68
488,Manaure,CO,2021-03-28 13:38:18,11.7751,-72.4445,82.89,59,91,21.39
489,Rudsar,IR,2021-03-28 13:38:19,37.1376,50.288,55.4,71,40,9.22
490,Touros,BR,2021-03-28 13:38:19,-5.1989,-35.4608,84.2,74,75,4.61
491,Lazaro Cardenas,MX,2021-03-28 13:38:19,17.9583,-102.2,73.58,51,20,3.27
492,Hailey,US,2021-03-28 13:37:22,43.5196,-114.3153,32.0,69,1,9.22
493,Necochea,AR,2021-03-28 13:38:19,-38.5473,-58.7368,66.99,80,89,3.0
494,Kontagora,NG,2021-03-28 13:38:20,10.3999,5.4695,102.22,8,2,5.79
495,Hofn,IS,2021-03-28 13:38:20,64.2539,-15.2082,35.6,69,75,19.57
496,Vao,NC,2021-03-28 13:38:20,-22.6667,167.4833,77.18,82,40,12.28
497,Chaozhou,CN,2021-03-28 13:38:21,23.6651,116.6379,78.8,69,0,4.47
498,Shenjiamen,CN,2021-03-28 13:38:21,29.9576,122.298,56.34,86,0,7.63
499,Jinchang,CN,2021-03-28 13:38:21,38.4953,102.1739,47.93,22,99,7.94
500,Kieta,PG,2021-03-28 13:38:21,-6.2167,155.6333,77.97,86,45,3.71
501,La Rioja,ES,2021-03-28 13:38:22,42.25,-2.5,66.2,45,0,12.66
502,Tingo Maria,PE,2021-03-28 13:38:22,-9.2895,-76.0088,74.07,88,99,1.25
503,Ichinohe,JP,2021-03-28 13:38:22,40.2069,141.3017,51.8,100,90,2.3
504,Fort Nelson,CA,2021-03-28 13:38:22,58.8053,-122.7002,15.8,92,90,14.97
505,Huaraz,PE,2021-03-28 13:38:23,-9.5333,-77.5333,59.0,57,58,4.32
506,Campbell River,CA,2021-03-28 13:38:23,50.0163,-125.2446,45.0,75,75,12.66
507,Khandyga,RU,2021-03-28 13:38:23,62.6667,135.6,4.33,99,88,3.04
508,Sovetskiy,RU,2021-03-28 13:37:21,61.3614,63.5842,29.03,78,20,9.26
509,Konongo,GH,2021-03-28 13:38:24,6.6167,-1.2167,95.67,35,52,1.61
510,Cosala,MX,2021-03-28 13:38:24,24.4125,-106.6908,63.18,18,100,4.97
511,Makakilo City,US,2021-03-28 13:34:47,21.3469,-158.0858,73.4,68,1,4.61
512,Izazi,TZ,2021-03-28 13:38:24,-7.2,35.7333,78.8,53,75,2.64
513,Ixtapa,MX,2021-03-28 13:38:24,20.7,-105.2,69.37,32,73,2.19
514,Save,BJ,2021-03-28 13:38:25,8.0425,2.486,100.49,12,82,8.08
515,Zhangye,CN,2021-03-28 13:37:08,38.9342,100.4517,47.71,48,27,4.94
516,Vostochnyy,RU,2021-03-28 13:38:25,55.8167,37.8667,50.0,32,0,2.24
517,Aloleng,PH,2021-03-28 13:38:25,16.1307,119.7824,80.35,77,100,9.44
518,Onguday,RU,2021-03-28 13:38:26,50.75,86.15,32.43,96,100,2.73
519,Lompoc,US,2021-03-28 13:38:26,34.6391,-120.4579,48.99,93,0,5.75
520,Santa Clarita,US,2021-03-28 13:37:56,34.3917,-118.5426,59.0,54,1,8.25
521,Corn Island,NI,2021-03-28 13:38:26,12.1694,-83.0418,79.99,70,7,20.22
522,Metro,ID,2021-03-28 13:38:26,-5.1131,105.3067,77.02,90,30,4.47
523,Safaga,EG,2021-03-28 13:37:14,26.7292,33.9365,73.4,27,0,20.71
524,Vysokogornyy,RU,2021-03-28 13:38:27,50.1167,139.15,27.3,95,96,4.5
525,Lufilufi,WS,2021-03-28 13:38:27,-13.8745,-171.5986,75.2,94,75,3.44
526,Catamarca,AR,2021-03-28 13:38:27,-28.4696,-65.7852,64.99,76,0,1.01
527,Clyde River,CA,2021-03-28 13:38:27,70.4692,-68.5914,-7.6,84,75,2.3
528,Homer,US,2021-03-28 13:38:28,59.6425,-151.5483,30.2,68,1,3.44
529,Gravelbourg,CA,2021-03-28 13:38:28,49.8834,-106.5512,33.8,69,100,10.36
530,Mingshui,CN,2021-03-28 13:38:28,36.7167,117.5,64.0,49,51,1.01
531,Ormara,PK,2021-03-28 13:38:28,25.2088,64.6357,79.52,75,6,16.06
532,Manggar,ID,2021-03-28 13:38:29,-2.8833,108.2667,82.24,75,70,2.62
533,Port Moresby,PG,2021-03-28 13:38:29,-9.4431,147.1797,78.8,94,75,8.05
534,Mersing,MY,2021-03-28 13:38:29,2.4312,103.8405,82.4,89,13,5.75
535,Yakeshi,CN,2021-03-28 13:38:30,49.2833,120.7333,33.94,96,98,6.91
536,Sungaipenuh,ID,2021-03-28 13:38:30,-2.0833,101.3833,66.2,98,93,0.87
537,Balkhash,KZ,2021-03-28 13:38:30,46.844,74.9804,40.82,64,51,13.0
538,Nouadhibou,MR,2021-03-28 13:38:30,20.931,-17.0347,73.4,56,96,18.41
539,Namagiripettai,IN,2021-03-28 13:38:31,11.4667,78.2667,89.42,30,100,7.74
540,Korem,ET,2021-03-28 13:38:31,12.5058,39.5228,65.8,35,24,12.19
541,Bosaso,SO,2021-03-28 13:38:31,11.2842,49.1816,82.4,78,0,10.36
542,Kunya,NG,2021-03-28 13:38:31,12.2233,8.5325,87.8,11,0,14.97
543,Yevlax,AZ,2021-03-28 13:38:32,40.6089,47.1492,59.0,38,20,2.3
544,Turayf,SA,2021-03-28 13:37:11,31.6725,38.6637,62.6,27,0,6.91
545,Mount Darwin,ZW,2021-03-28 13:38:32,-16.7725,31.5838,72.07,75,97,4.88
546,Baruun-Urt,MN,2021-03-28 13:38:32,46.6806,113.2792,29.39,37,0,7.7
547,Gold Coast,AU,2021-03-28 13:33:44,-28.0,153.4333,73.0,83,75,3.44
548,Ranong,TH,2021-03-28 13:38:32,9.9658,98.6348,86.0,66,20,5.75
549,Harlingen,US,2021-03-28 13:38:33,26.1906,-97.6961,73.99,100,90,10.36
550,Dwarka,IN,2021-03-28 13:38:33,22.2394,68.9678,80.74,71,11,13.85
551,Taunggyi,MM,2021-03-28 13:38:33,20.7833,97.0333,70.05,29,81,3.36
552,Belaya Gora,RU,2021-03-28 13:38:33,68.5333,146.4167,-4.7,97,100,3.53
553,Lavrentiya,RU,2021-03-28 13:38:34,65.5833,-171.0,0.1,91,100,10.49
554,San Rafael Del Sur,NI,2021-03-28 13:38:34,11.8485,-86.4384,77.0,78,20,9.22
555,Cam Ranh,VN,2021-03-28 13:38:34,11.9214,109.1591,78.8,83,0,0.4
556,Koygorodok,RU,2021-03-28 13:38:34,60.445,50.9968,33.93,85,12,7.0
557,Gorlev,DK,2021-03-28 13:38:35,55.5393,11.2271,48.0,88,100,10.0
558,Jackson,US,2021-03-28 13:38:19,42.4165,-122.8345,41.0,75,1,0.94
559,Lundamo,NO,2021-03-28 13:38:35,63.1333,10.3,50.0,32,0,10.36
560,Perigueux,FR,2021-03-28 13:38:35,45.1833,0.7167,66.0,39,8,3.49
561,Betsiamites,CA,2021-03-28 13:38:36,48.9413,-68.646,30.2,74,90,18.41
562,Kutum,SD,2021-03-28 13:38:36,14.2,24.6667,80.69,11,2,19.48
563,Olinda,BR,2021-03-28 13:38:36,-8.0089,-34.8553,80.6,69,75,3.44
564,Pahrump,US,2021-03-28 13:37:56,36.2083,-115.9839,50.0,38,1,2.75
565,Almaznyy,RU,2021-03-28 13:38:36,48.0448,40.045,50.0,53,40,13.42
566,Ufimskiy,RU,2021-03-28 13:38:37,56.7084,58.0517,30.36,80,9,10.89
567,Aksarka,RU,2021-03-28 13:38:37,66.5606,67.7975,-1.32,94,20,8.3
